no,title,link
0, 사천에서 쾌청한 날씨 속 탁 트인 남해 풍경 즐겨요! ,http://v.daum.net/v/20250528104429529
1," 윤승아, ♥김무열 쏙 빼닮은 깜찍 子 하객룩 공개‥벌써 우월한 유전자 ",http://v.daum.net/v/20250526145941690
2," 이번 주 포천 여행,반팔 하나로 충분할까? ",http://v.daum.net/v/20250527171732518
3," 이재명, 첫 대학 방문…이준석 겨냥? ",http://v.daum.net/v/20250526191942751
4," ""나는 젊어"" 팔소매 접은 이준석의 '흰셔츠' 속에도 뼈가 담겼다[21대 대선 리포트 ①] ",http://v.daum.net/v/20250525070013619
5, 이재명 ‘간담회’ 이준석 ‘학식’…20대 표심 공략 [21대 대선] ,http://v.daum.net/v/20250526171503637
6," 대학생 만난 이재명 ""청년 극소수가 극우화…근묵자흑처럼 오염"" ",http://v.daum.net/v/20250526141950437
7, '배우자 토론' 자신감 얻은 김문수…딸·사위까지 총출동 ,http://v.daum.net/v/20250522185207535
8, 정동원 첫사랑 품은 순정남 변신 ‘꽃등’ 라이브 클립 공개 ,http://v.daum.net/v/20250519123006455
9," 장년 품격을 높이는 '피어스 브로스넌'의 패션 꿀팁 3종 세트[長靑年, 늘 푸른 마음] ",http://v.daum.net/v/20250514043027212
10," 이재명, 편안한 이미지… 김문수, TPO 저격… 이준석, 젊음 부각[6·3 대선후보 비교 탐구] ",http://v.daum.net/v/20250514050142756
11," 독해진 김문수 ""난 방탄조끼 안 입어…총 맞을 일 있으면 맞겠다"" ",http://v.daum.net/v/20250520175109269
12, 김 “난 방탄입법 필요없다” ,http://v.daum.net/v/20250521004241451
13, [오늘의 운세] 2025년 5월 22일 별자리 운세 ,http://v.daum.net/v/20250522060214587
14, 이재명·김문수·이준석 색다른 '3가지 맛'… 대선후보 '말말말' ,http://v.daum.net/v/20250515103236747
15, 이재명의 적은 이재명 이미지? 'YS 성대모사' 유세까지 한다[대선 인사이드] ,http://v.daum.net/v/20250513050130424
16," [최준호의 사이언스&] 용각산에서 시작한 제약기업 보령, 우주사업 나선 이유 ",http://v.daum.net/v/20250513001821091
17, 안전운행 순한 맛 … 액셀밟는 매운 맛 … 모두까기 쏘는 맛 ,http://v.daum.net/v/20250513180908084
18," 금강제화, 정장·면바지 모두 어울리는 '리갈 U팁 경량드레스 구두'…캐주얼 슈즈 20% 할인 ",http://v.daum.net/v/20250312161111159
19," [스타트 브리핑] 李 ""나도 계엄"" 金 ""개가 짖냐"" 조작 영상... 대선 앞 퍼지는 딥페이크 ",http://v.daum.net/v/20250514065813695
20," 순한맛 이재명, 매운맛 김문수, 쏘는맛 이준석…3색 스타일 대결 ",http://v.daum.net/v/20250513193015643
21, 2025년 이재명 후보가 ‘파랑+빨강’ 운동화 신은 이유 ,http://v.daum.net/v/20250513142008244
22, [김교석의 남자의 물건] [13] 휴 그랜트처럼… 셔츠가 그려내는 남자의 멋 ,http://v.daum.net/v/20250509001947194
23, [오늘의 운세] 2025년 5월 11일 별자리 운세 ,http://v.daum.net/v/20250511060216848
24," 황동주, 이영자와 썸타더니 패션도 화제‥연하 남친룩의 정석 ",http://v.daum.net/v/20250501155743263
25, 한센인마을 찾은 김문수 “행정이 할 일은 단속 아니라 보살핌” ,http://v.daum.net/v/20250505005440109
26," '파기환송' 후 골목 누빈 이재명...""어떡해요"" 묻는 시민에 한 말 ",http://v.daum.net/v/20250501221200845
27," 황동주, 7살 연상 ♥이영자 공개열애 후 패션도 달라졌다..연하 남친룩 ",http://v.daum.net/v/20250501120929636
28," 한센촌 찾아 눈물보인 김문수 ""행정의 본질은 낮은 곳 향한 돌봄"" ",http://v.daum.net/v/20250504170703863
29," 황동주, 7세 연상 ♥이영자 만나더니..'연하 남친룩' 그 자체 ",http://v.daum.net/v/20250501130030409
