title,link
하지원 치어리더 '미모가 반짝'[엑's HD포토],http://v.daum.net/v/20240606182030142
"치어테이너 이다혜 ‘HUSH’로 가요계 첫 발, 다채로운 매력",http://v.daum.net/v/20240401202838548
"다둥이 부부 덮친 만취 차량, 사람 치어놓고 웃었다? 역대급 분노 (한블리)",http://v.daum.net/v/20231219093838148
"박기량, (여자)아이들 미연 닮은꼴 인정 “나 닮은 멤버 있어” (사당귀)",http://v.daum.net/v/20240216101149499
"산청군의회, 치어방류 예산삭감.. 지역 관광활성화에 역행 '빈축'",http://v.daum.net/v/20200610173721836
"압구정 롤스로이스 가해자 실명·얼굴 공개 “마약 NO, 피해자 구호조치 했다” (카라큘라)",http://v.daum.net/v/20230811143110055
"[오늘의 연예가] 하지원 ""새 영화 캐릭터는 쓰지 마세요"" 外",http://v.daum.net/v/20161117174407525
"첫방 '갈릴레오' 김병만·하지원·닉쿤·김세정, 韓 최초 화성탐사 '첫미션 시작' [종합]",http://v.daum.net/v/20180715174732707
"더 이스트라이트, 트와이스 '치어업' 커버..'독특한 스타일'",http://v.daum.net/v/20161117153939865
"트와이스, 치어 업 '1억 뷰-1억 스트리밍' 돌파(종합)",http://v.daum.net/v/20161117154653144
"하지원, 화보 속 방부제 미모 눈길",http://v.daum.net/v/20140901085403729
"하지원, 가을 화보서 매력 발산..편안하면서도 자연스러운 스타일링",http://v.daum.net/v/20140901085804871
"하지원 측 ""'더 킹' 출연 확정된 바 없다""",http://v.daum.net/v/20120110144910515
"2014 서울 드라마 어워즈 본선 진출작 확정, 하지원과 김희애 여자 연기부문 경합",http://v.daum.net/v/20140812205805207
"'더 로드' 지진희, 이종혁 핸드폰 추적..진범 정체에 '한 발짝' [종합]",http://v.daum.net/v/20210826085022346
60대 인부 숨지게 한 30대 '음주운전자' 첫 재판.. 반성문 제출하며 선처 호소,http://v.daum.net/v/20210720132115284
"민우혁♥이세미, 4대 대가족 하우스 ""포화상태"" (신박한 정리)",http://v.daum.net/v/20210628101612251
"[G기자의 시시각각] 음주 폐해, 술병에 연예인 사진을 빼면 줄어들까",http://v.daum.net/v/20191224053008796
머니투데이 오프라인 헤드라인-18일자,http://v.daum.net/v/20161118160508731
"'갈릴레오' 김세정 출사표 ""우주가 pick한 소녀, 차세대 화성대장""",http://v.daum.net/v/20180715170806077
"'갈릴레오' 김세정, ""우주가 절 사랑해"" 러블리 매력 '뿜뿜'",http://v.daum.net/v/20180715173046448
"[DA:리뷰] '갈릴레오' 정글 넘어 우주생존, 新예능 개척 (종합)",http://v.daum.net/v/20180715181340033
"애니박스, '최유기 RELOAD BLAST' 등 한·일 동시 방영",http://v.daum.net/v/20170704194405161
"[연예 투데이] 엑소, 최다 수상자로 '2018 기네스북' 등재 外",http://v.daum.net/v/20170901075514515
같은 사건에 다른 잣대를 댄 검찰과 경찰..법원의 판단은,http://v.daum.net/v/20180124183325522
"노현태X엘지·키움 치어리더X트롯가수 임다애, 다원문화재단에 훈훈한 기부",http://v.daum.net/v/20190812094824046
"트와이스, 1억-1억 클럽 가입 ""매일 써내리는 기록""",http://v.daum.net/v/20161117155502398
"엑소, 그들은 전설이다..MAMA '4관왕·4연패' 위업(종합)",http://v.daum.net/v/20161203005631904
[한국아이닷컴 weekly 검색 베스트10] 6월 넷째주,http://v.daum.net/v/20110624182621830
"['코리아'의 두 신예 ②] 최윤영 ""집에서 혼자 춤추기가 취미""",http://v.daum.net/v/20120506204903189
